,mse,psnr,ssim,quality,size_byte,bpp,width,heigth,CR,image_name,cmprss-class,cmprss-class-2,cmprss-class-3,prune_techs,prune_rate,quant_tech,nbits,msr,height
0,,33.270992671482716,0.9394240300031549,20,4133.0,0.5045166015625,256,,7.6820711347689326,"{'input_image': None, 'output_dir': './out/datasets/script_tool', 'image_name': 'cameramen', 'timestamp': 1614419893.2556033, 'out_dir_ts': './out/datasets/script_tool/cameramen/out_1614419893.2556033', 'logs_dir': './out/datasets/script_tool/cameramen/out_1614419893.2556033/logs', 'images_dir': './out/datasets/script_tool/cameramen/out_1614419893.2556033/images', 'configs_dir': './out/datasets/script_tool/cameramen/out_1614419893.2556033/configs', 'csv_dir': './out/datasets/script_tool/cameramen/out_1614419893.2556033/out_csv', 'images_list': ['./out/datasets/script_tool/cameramen/out_1614419893.2556033/images/cameramen_512h_512w.png', './out/datasets/script_tool/cameramen/out_1614419893.2556033/images/hist_cameramen_512h_512w.png', './out/datasets/script_tool/cameramen/out_1614419893.2556033/images/cameramen_256h_256w.png', './out/datasets/script_tool/cameramen/out_1614419893.2556033/images/hist_cameramen_256h_256w.png'], 'script_stats': {'no_images': 4}}",Jpeg:20.00,Jpeg,Jpeg,Jpeg,,Jpeg,32,30.618301391601562,256
1,,33.51435043271612,0.9404362225870709,21,4246.0,0.518310546875,256,,7.477626000942063,"{'input_image': None, 'output_dir': './out/datasets/script_tool', 'image_name': 'cameramen', 'timestamp': 1614419893.2556033, 'out_dir_ts': './out/datasets/script_tool/cameramen/out_1614419893.2556033', 'logs_dir': './out/datasets/script_tool/cameramen/out_1614419893.2556033/logs', 'images_dir': './out/datasets/script_tool/cameramen/out_1614419893.2556033/images', 'configs_dir': './out/datasets/script_tool/cameramen/out_1614419893.2556033/configs', 'csv_dir': './out/datasets/script_tool/cameramen/out_1614419893.2556033/out_csv', 'images_list': ['./out/datasets/script_tool/cameramen/out_1614419893.2556033/images/cameramen_512h_512w.png', './out/datasets/script_tool/cameramen/out_1614419893.2556033/images/hist_cameramen_512h_512w.png', './out/datasets/script_tool/cameramen/out_1614419893.2556033/images/cameramen_256h_256w.png', './out/datasets/script_tool/cameramen/out_1614419893.2556033/images/hist_cameramen_256h_256w.png'], 'script_stats': {'no_images': 4}}",Jpeg:21.00,Jpeg,Jpeg,Jpeg,,Jpeg,32,28.949783325195312,256
2,,33.68411663121152,0.9416199051391356,22,4342.0,0.530029296875,256,,7.31229847996315,"{'input_image': None, 'output_dir': './out/datasets/script_tool', 'image_name': 'cameramen', 'timestamp': 1614419893.2556033, 'out_dir_ts': './out/datasets/script_tool/cameramen/out_1614419893.2556033', 'logs_dir': './out/datasets/script_tool/cameramen/out_1614419893.2556033/logs', 'images_dir': './out/datasets/script_tool/cameramen/out_1614419893.2556033/images', 'configs_dir': './out/datasets/script_tool/cameramen/out_1614419893.2556033/configs', 'csv_dir': './out/datasets/script_tool/cameramen/out_1614419893.2556033/out_csv', 'images_list': ['./out/datasets/script_tool/cameramen/out_1614419893.2556033/images/cameramen_512h_512w.png', './out/datasets/script_tool/cameramen/out_1614419893.2556033/images/hist_cameramen_512h_512w.png', './out/datasets/script_tool/cameramen/out_1614419893.2556033/images/cameramen_256h_256w.png', './out/datasets/script_tool/cameramen/out_1614419893.2556033/images/hist_cameramen_256h_256w.png'], 'script_stats': {'no_images': 4}}",Jpeg:22.00,Jpeg,Jpeg,Jpeg,,Jpeg,32,27.8399658203125,256
3,,33.92849246220371,0.9447858258341444,23,4426.0,0.540283203125,256,,7.1735201084500675,"{'input_image': None, 'output_dir': './out/datasets/script_tool', 'image_name': 'cameramen', 'timestamp': 1614419893.2556033, 'out_dir_ts': './out/datasets/script_tool/cameramen/out_1614419893.2556033', 'logs_dir': './out/datasets/script_tool/cameramen/out_1614419893.2556033/logs', 'images_dir': './out/datasets/script_tool/cameramen/out_1614419893.2556033/images', 'configs_dir': './out/datasets/script_tool/cameramen/out_1614419893.2556033/configs', 'csv_dir': './out/datasets/script_tool/cameramen/out_1614419893.2556033/out_csv', 'images_list': ['./out/datasets/script_tool/cameramen/out_1614419893.2556033/images/cameramen_512h_512w.png', './out/datasets/script_tool/cameramen/out_1614419893.2556033/images/hist_cameramen_512h_512w.png', './out/datasets/script_tool/cameramen/out_1614419893.2556033/images/cameramen_256h_256w.png', './out/datasets/script_tool/cameramen/out_1614419893.2556033/images/hist_cameramen_256h_256w.png'], 'script_stats': {'no_images': 4}}",Jpeg:23.00,Jpeg,Jpeg,Jpeg,,Jpeg,32,26.316680908203125,256
4,,34.1153605267266,0.9468166133259884,24,4500.0,0.54931640625,256,,7.055555555555555,"{'input_image': None, 'output_dir': './out/datasets/script_tool', 'image_name': 'cameramen', 'timestamp': 1614419893.2556033, 'out_dir_ts': './out/datasets/script_tool/cameramen/out_1614419893.2556033', 'logs_dir': './out/datasets/script_tool/cameramen/out_1614419893.2556033/logs', 'images_dir': './out/datasets/script_tool/cameramen/out_1614419893.2556033/images', 'configs_dir': './out/datasets/script_tool/cameramen/out_1614419893.2556033/configs', 'csv_dir': './out/datasets/script_tool/cameramen/out_1614419893.2556033/out_csv', 'images_list': ['./out/datasets/script_tool/cameramen/out_1614419893.2556033/images/cameramen_512h_512w.png', './out/datasets/script_tool/cameramen/out_1614419893.2556033/images/hist_cameramen_512h_512w.png', './out/datasets/script_tool/cameramen/out_1614419893.2556033/images/cameramen_256h_256w.png', './out/datasets/script_tool/cameramen/out_1614419893.2556033/images/hist_cameramen_256h_256w.png'], 'script_stats': {'no_images': 4}}",Jpeg:24.00,Jpeg,Jpeg,Jpeg,,Jpeg,32,25.208343505859375,256
5,,34.28615998109613,0.9482341529653597,25,4593.0,0.5606689453125,256,,6.912693228826475,"{'input_image': None, 'output_dir': './out/datasets/script_tool', 'image_name': 'cameramen', 'timestamp': 1614419893.2556033, 'out_dir_ts': './out/datasets/script_tool/cameramen/out_1614419893.2556033', 'logs_dir': './out/datasets/script_tool/cameramen/out_1614419893.2556033/logs', 'images_dir': './out/datasets/script_tool/cameramen/out_1614419893.2556033/images', 'configs_dir': './out/datasets/script_tool/cameramen/out_1614419893.2556033/configs', 'csv_dir': './out/datasets/script_tool/cameramen/out_1614419893.2556033/out_csv', 'images_list': ['./out/datasets/script_tool/cameramen/out_1614419893.2556033/images/cameramen_512h_512w.png', './out/datasets/script_tool/cameramen/out_1614419893.2556033/images/hist_cameramen_512h_512w.png', './out/datasets/script_tool/cameramen/out_1614419893.2556033/images/cameramen_256h_256w.png', './out/datasets/script_tool/cameramen/out_1614419893.2556033/images/hist_cameramen_256h_256w.png'], 'script_stats': {'no_images': 4}}",Jpeg:25.00,Jpeg,Jpeg,Jpeg,,Jpeg,32,24.236190795898438,256
6,,34.466830565591316,0.9497102164335106,26,4680.0,0.5712890625,256,,6.784188034188034,"{'input_image': None, 'output_dir': './out/datasets/script_tool', 'image_name': 'cameramen', 'timestamp': 1614419893.2556033, 'out_dir_ts': './out/datasets/script_tool/cameramen/out_1614419893.2556033', 'logs_dir': './out/datasets/script_tool/cameramen/out_1614419893.2556033/logs', 'images_dir': './out/datasets/script_tool/cameramen/out_1614419893.2556033/images', 'configs_dir': './out/datasets/script_tool/cameramen/out_1614419893.2556033/configs', 'csv_dir': './out/datasets/script_tool/cameramen/out_1614419893.2556033/out_csv', 'images_list': ['./out/datasets/script_tool/cameramen/out_1614419893.2556033/images/cameramen_512h_512w.png', './out/datasets/script_tool/cameramen/out_1614419893.2556033/images/hist_cameramen_512h_512w.png', './out/datasets/script_tool/cameramen/out_1614419893.2556033/images/cameramen_256h_256w.png', './out/datasets/script_tool/cameramen/out_1614419893.2556033/images/hist_cameramen_256h_256w.png'], 'script_stats': {'no_images': 4}}",Jpeg:26.00,Jpeg,Jpeg,Jpeg,,Jpeg,32,23.248626708984375,256
7,,34.62722126671194,0.9515427846711728,27,4762.0,0.581298828125,256,,6.667366652666947,"{'input_image': None, 'output_dir': './out/datasets/script_tool', 'image_name': 'cameramen', 'timestamp': 1614419893.2556033, 'out_dir_ts': './out/datasets/script_tool/cameramen/out_1614419893.2556033', 'logs_dir': './out/datasets/script_tool/cameramen/out_1614419893.2556033/logs', 'images_dir': './out/datasets/script_tool/cameramen/out_1614419893.2556033/images', 'configs_dir': './out/datasets/script_tool/cameramen/out_1614419893.2556033/configs', 'csv_dir': './out/datasets/script_tool/cameramen/out_1614419893.2556033/out_csv', 'images_list': ['./out/datasets/script_tool/cameramen/out_1614419893.2556033/images/cameramen_512h_512w.png', './out/datasets/script_tool/cameramen/out_1614419893.2556033/images/hist_cameramen_512h_512w.png', './out/datasets/script_tool/cameramen/out_1614419893.2556033/images/cameramen_256h_256w.png', './out/datasets/script_tool/cameramen/out_1614419893.2556033/images/hist_cameramen_256h_256w.png'], 'script_stats': {'no_images': 4}}",Jpeg:27.00,Jpeg,Jpeg,Jpeg,,Jpeg,32,22.405685424804688,256
8,,34.840127369218735,0.9535693006333371,28,4861.0,0.5933837890625,256,,6.531577864636906,"{'input_image': None, 'output_dir': './out/datasets/script_tool', 'image_name': 'cameramen', 'timestamp': 1614419893.2556033, 'out_dir_ts': './out/datasets/script_tool/cameramen/out_1614419893.2556033', 'logs_dir': './out/datasets/script_tool/cameramen/out_1614419893.2556033/logs', 'images_dir': './out/datasets/script_tool/cameramen/out_1614419893.2556033/images', 'configs_dir': './out/datasets/script_tool/cameramen/out_1614419893.2556033/configs', 'csv_dir': './out/datasets/script_tool/cameramen/out_1614419893.2556033/out_csv', 'images_list': ['./out/datasets/script_tool/cameramen/out_1614419893.2556033/images/cameramen_512h_512w.png', './out/datasets/script_tool/cameramen/out_1614419893.2556033/images/hist_cameramen_512h_512w.png', './out/datasets/script_tool/cameramen/out_1614419893.2556033/images/cameramen_256h_256w.png', './out/datasets/script_tool/cameramen/out_1614419893.2556033/images/hist_cameramen_256h_256w.png'], 'script_stats': {'no_images': 4}}",Jpeg:28.00,Jpeg,Jpeg,Jpeg,,Jpeg,32,21.333770751953125,256
9,,34.979387404088456,0.9545413060669561,29,4910.0,0.599365234375,256,,6.4663951120162935,"{'input_image': None, 'output_dir': './out/datasets/script_tool', 'image_name': 'cameramen', 'timestamp': 1614419893.2556033, 'out_dir_ts': './out/datasets/script_tool/cameramen/out_1614419893.2556033', 'logs_dir': './out/datasets/script_tool/cameramen/out_1614419893.2556033/logs', 'images_dir': './out/datasets/script_tool/cameramen/out_1614419893.2556033/images', 'configs_dir': './out/datasets/script_tool/cameramen/out_1614419893.2556033/configs', 'csv_dir': './out/datasets/script_tool/cameramen/out_1614419893.2556033/out_csv', 'images_list': ['./out/datasets/script_tool/cameramen/out_1614419893.2556033/images/cameramen_512h_512w.png', './out/datasets/script_tool/cameramen/out_1614419893.2556033/images/hist_cameramen_512h_512w.png', './out/datasets/script_tool/cameramen/out_1614419893.2556033/images/cameramen_256h_256w.png', './out/datasets/script_tool/cameramen/out_1614419893.2556033/images/hist_cameramen_256h_256w.png'], 'script_stats': {'no_images': 4}}",Jpeg:29.00,Jpeg,Jpeg,Jpeg,,Jpeg,32,20.660537719726562,256
10,,35.14576214471631,0.9558657634651886,30,5006.0,0.611083984375,256,,6.342389133040352,"{'input_image': None, 'output_dir': './out/datasets/script_tool', 'image_name': 'cameramen', 'timestamp': 1614419893.2556033, 'out_dir_ts': './out/datasets/script_tool/cameramen/out_1614419893.2556033', 'logs_dir': './out/datasets/script_tool/cameramen/out_1614419893.2556033/logs', 'images_dir': './out/datasets/script_tool/cameramen/out_1614419893.2556033/images', 'configs_dir': './out/datasets/script_tool/cameramen/out_1614419893.2556033/configs', 'csv_dir': './out/datasets/script_tool/cameramen/out_1614419893.2556033/out_csv', 'images_list': ['./out/datasets/script_tool/cameramen/out_1614419893.2556033/images/cameramen_512h_512w.png', './out/datasets/script_tool/cameramen/out_1614419893.2556033/images/hist_cameramen_512h_512w.png', './out/datasets/script_tool/cameramen/out_1614419893.2556033/images/cameramen_256h_256w.png', './out/datasets/script_tool/cameramen/out_1614419893.2556033/images/hist_cameramen_256h_256w.png'], 'script_stats': {'no_images': 4}}",Jpeg:30.00,Jpeg,Jpeg,Jpeg,,Jpeg,32,19.884017944335938,256
11,,35.31318517278049,0.9574445980914915,31,5082.0,0.620361328125,256,,6.247540338449429,"{'input_image': None, 'output_dir': './out/datasets/script_tool', 'image_name': 'cameramen', 'timestamp': 1614419893.2556033, 'out_dir_ts': './out/datasets/script_tool/cameramen/out_1614419893.2556033', 'logs_dir': './out/datasets/script_tool/cameramen/out_1614419893.2556033/logs', 'images_dir': './out/datasets/script_tool/cameramen/out_1614419893.2556033/images', 'configs_dir': './out/datasets/script_tool/cameramen/out_1614419893.2556033/configs', 'csv_dir': './out/datasets/script_tool/cameramen/out_1614419893.2556033/out_csv', 'images_list': ['./out/datasets/script_tool/cameramen/out_1614419893.2556033/images/cameramen_512h_512w.png', './out/datasets/script_tool/cameramen/out_1614419893.2556033/images/hist_cameramen_512h_512w.png', './out/datasets/script_tool/cameramen/out_1614419893.2556033/images/cameramen_256h_256w.png', './out/datasets/script_tool/cameramen/out_1614419893.2556033/images/hist_cameramen_256h_256w.png'], 'script_stats': {'no_images': 4}}",Jpeg:31.00,Jpeg,Jpeg,Jpeg,,Jpeg,32,19.132064819335938,256
12,,35.42248904000889,0.9567374771199719,32,5167.0,0.6307373046875,256,,6.144764853880395,"{'input_image': None, 'output_dir': './out/datasets/script_tool', 'image_name': 'cameramen', 'timestamp': 1614419893.2556033, 'out_dir_ts': './out/datasets/script_tool/cameramen/out_1614419893.2556033', 'logs_dir': './out/datasets/script_tool/cameramen/out_1614419893.2556033/logs', 'images_dir': './out/datasets/script_tool/cameramen/out_1614419893.2556033/images', 'configs_dir': './out/datasets/script_tool/cameramen/out_1614419893.2556033/configs', 'csv_dir': './out/datasets/script_tool/cameramen/out_1614419893.2556033/out_csv', 'images_list': ['./out/datasets/script_tool/cameramen/out_1614419893.2556033/images/cameramen_512h_512w.png', './out/datasets/script_tool/cameramen/out_1614419893.2556033/images/hist_cameramen_512h_512w.png', './out/datasets/script_tool/cameramen/out_1614419893.2556033/images/cameramen_256h_256w.png', './out/datasets/script_tool/cameramen/out_1614419893.2556033/images/hist_cameramen_256h_256w.png'], 'script_stats': {'no_images': 4}}",Jpeg:32.00,Jpeg,Jpeg,Jpeg,,Jpeg,32,18.65655517578125,256
13,,35.62773848164055,0.9598089091709139,33,5254.0,0.641357421875,256,,6.043014845831747,"{'input_image': None, 'output_dir': './out/datasets/script_tool', 'image_name': 'cameramen', 'timestamp': 1614419893.2556033, 'out_dir_ts': './out/datasets/script_tool/cameramen/out_1614419893.2556033', 'logs_dir': './out/datasets/script_tool/cameramen/out_1614419893.2556033/logs', 'images_dir': './out/datasets/script_tool/cameramen/out_1614419893.2556033/images', 'configs_dir': './out/datasets/script_tool/cameramen/out_1614419893.2556033/configs', 'csv_dir': './out/datasets/script_tool/cameramen/out_1614419893.2556033/out_csv', 'images_list': ['./out/datasets/script_tool/cameramen/out_1614419893.2556033/images/cameramen_512h_512w.png', './out/datasets/script_tool/cameramen/out_1614419893.2556033/images/hist_cameramen_512h_512w.png', './out/datasets/script_tool/cameramen/out_1614419893.2556033/images/cameramen_256h_256w.png', './out/datasets/script_tool/cameramen/out_1614419893.2556033/images/hist_cameramen_256h_256w.png'], 'script_stats': {'no_images': 4}}",Jpeg:33.00,Jpeg,Jpeg,Jpeg,,Jpeg,32,17.79534912109375,256
14,,35.72938966977935,0.9603969597645604,34,5314.0,0.648681640625,256,,5.974783590515619,"{'input_image': None, 'output_dir': './out/datasets/script_tool', 'image_name': 'cameramen', 'timestamp': 1614419893.2556033, 'out_dir_ts': './out/datasets/script_tool/cameramen/out_1614419893.2556033', 'logs_dir': './out/datasets/script_tool/cameramen/out_1614419893.2556033/logs', 'images_dir': './out/datasets/script_tool/cameramen/out_1614419893.2556033/images', 'configs_dir': './out/datasets/script_tool/cameramen/out_1614419893.2556033/configs', 'csv_dir': './out/datasets/script_tool/cameramen/out_1614419893.2556033/out_csv', 'images_list': ['./out/datasets/script_tool/cameramen/out_1614419893.2556033/images/cameramen_512h_512w.png', './out/datasets/script_tool/cameramen/out_1614419893.2556033/images/hist_cameramen_512h_512w.png', './out/datasets/script_tool/cameramen/out_1614419893.2556033/images/cameramen_256h_256w.png', './out/datasets/script_tool/cameramen/out_1614419893.2556033/images/hist_cameramen_256h_256w.png'], 'script_stats': {'no_images': 4}}",Jpeg:34.00,Jpeg,Jpeg,Jpeg,,Jpeg,32,17.3836669921875,256
15,,35.87868441018252,0.960390540802076,35,5420.0,0.66162109375,256,,5.857933579335794,"{'input_image': None, 'output_dir': './out/datasets/script_tool', 'image_name': 'cameramen', 'timestamp': 1614419893.2556033, 'out_dir_ts': './out/datasets/script_tool/cameramen/out_1614419893.2556033', 'logs_dir': './out/datasets/script_tool/cameramen/out_1614419893.2556033/logs', 'images_dir': './out/datasets/script_tool/cameramen/out_1614419893.2556033/images', 'configs_dir': './out/datasets/script_tool/cameramen/out_1614419893.2556033/configs', 'csv_dir': './out/datasets/script_tool/cameramen/out_1614419893.2556033/out_csv', 'images_list': ['./out/datasets/script_tool/cameramen/out_1614419893.2556033/images/cameramen_512h_512w.png', './out/datasets/script_tool/cameramen/out_1614419893.2556033/images/hist_cameramen_512h_512w.png', './out/datasets/script_tool/cameramen/out_1614419893.2556033/images/cameramen_256h_256w.png', './out/datasets/script_tool/cameramen/out_1614419893.2556033/images/hist_cameramen_256h_256w.png'], 'script_stats': {'no_images': 4}}",Jpeg:35.00,Jpeg,Jpeg,Jpeg,,Jpeg,32,16.796234130859375,256
16,,36.04312199429716,0.9615439832429008,36,5500.0,0.67138671875,256,,5.7727272727272725,"{'input_image': None, 'output_dir': './out/datasets/script_tool', 'image_name': 'cameramen', 'timestamp': 1614419893.2556033, 'out_dir_ts': './out/datasets/script_tool/cameramen/out_1614419893.2556033', 'logs_dir': './out/datasets/script_tool/cameramen/out_1614419893.2556033/logs', 'images_dir': './out/datasets/script_tool/cameramen/out_1614419893.2556033/images', 'configs_dir': './out/datasets/script_tool/cameramen/out_1614419893.2556033/configs', 'csv_dir': './out/datasets/script_tool/cameramen/out_1614419893.2556033/out_csv', 'images_list': ['./out/datasets/script_tool/cameramen/out_1614419893.2556033/images/cameramen_512h_512w.png', './out/datasets/script_tool/cameramen/out_1614419893.2556033/images/hist_cameramen_512h_512w.png', './out/datasets/script_tool/cameramen/out_1614419893.2556033/images/cameramen_256h_256w.png', './out/datasets/script_tool/cameramen/out_1614419893.2556033/images/hist_cameramen_256h_256w.png'], 'script_stats': {'no_images': 4}}",Jpeg:36.00,Jpeg,Jpeg,Jpeg,,Jpeg,32,16.172164916992188,256
17,,36.131291178746146,0.9620603547279408,37,5536.0,0.67578125,256,,5.735187861271676,"{'input_image': None, 'output_dir': './out/datasets/script_tool', 'image_name': 'cameramen', 'timestamp': 1614419893.2556033, 'out_dir_ts': './out/datasets/script_tool/cameramen/out_1614419893.2556033', 'logs_dir': './out/datasets/script_tool/cameramen/out_1614419893.2556033/logs', 'images_dir': './out/datasets/script_tool/cameramen/out_1614419893.2556033/images', 'configs_dir': './out/datasets/script_tool/cameramen/out_1614419893.2556033/configs', 'csv_dir': './out/datasets/script_tool/cameramen/out_1614419893.2556033/out_csv', 'images_list': ['./out/datasets/script_tool/cameramen/out_1614419893.2556033/images/cameramen_512h_512w.png', './out/datasets/script_tool/cameramen/out_1614419893.2556033/images/hist_cameramen_512h_512w.png', './out/datasets/script_tool/cameramen/out_1614419893.2556033/images/cameramen_256h_256w.png', './out/datasets/script_tool/cameramen/out_1614419893.2556033/images/hist_cameramen_256h_256w.png'], 'script_stats': {'no_images': 4}}",Jpeg:37.00,Jpeg,Jpeg,Jpeg,,Jpeg,32,15.847152709960938,256
18,,36.29735781913751,0.963175241441243,38,5647.0,0.6893310546875,256,,5.622454400566673,"{'input_image': None, 'output_dir': './out/datasets/script_tool', 'image_name': 'cameramen', 'timestamp': 1614419893.2556033, 'out_dir_ts': './out/datasets/script_tool/cameramen/out_1614419893.2556033', 'logs_dir': './out/datasets/script_tool/cameramen/out_1614419893.2556033/logs', 'images_dir': './out/datasets/script_tool/cameramen/out_1614419893.2556033/images', 'configs_dir': './out/datasets/script_tool/cameramen/out_1614419893.2556033/configs', 'csv_dir': './out/datasets/script_tool/cameramen/out_1614419893.2556033/out_csv', 'images_list': ['./out/datasets/script_tool/cameramen/out_1614419893.2556033/images/cameramen_512h_512w.png', './out/datasets/script_tool/cameramen/out_1614419893.2556033/images/hist_cameramen_512h_512w.png', './out/datasets/script_tool/cameramen/out_1614419893.2556033/images/cameramen_256h_256w.png', './out/datasets/script_tool/cameramen/out_1614419893.2556033/images/hist_cameramen_256h_256w.png'], 'script_stats': {'no_images': 4}}",Jpeg:38.00,Jpeg,Jpeg,Jpeg,,Jpeg,32,15.25262451171875,256
19,,36.41232811933126,0.9642871036021851,39,5712.0,0.697265625,256,,5.5584733893557425,"{'input_image': None, 'output_dir': './out/datasets/script_tool', 'image_name': 'cameramen', 'timestamp': 1614419893.2556033, 'out_dir_ts': './out/datasets/script_tool/cameramen/out_1614419893.2556033', 'logs_dir': './out/datasets/script_tool/cameramen/out_1614419893.2556033/logs', 'images_dir': './out/datasets/script_tool/cameramen/out_1614419893.2556033/images', 'configs_dir': './out/datasets/script_tool/cameramen/out_1614419893.2556033/configs', 'csv_dir': './out/datasets/script_tool/cameramen/out_1614419893.2556033/out_csv', 'images_list': ['./out/datasets/script_tool/cameramen/out_1614419893.2556033/images/cameramen_512h_512w.png', './out/datasets/script_tool/cameramen/out_1614419893.2556033/images/hist_cameramen_512h_512w.png', './out/datasets/script_tool/cameramen/out_1614419893.2556033/images/cameramen_256h_256w.png', './out/datasets/script_tool/cameramen/out_1614419893.2556033/images/hist_cameramen_256h_256w.png'], 'script_stats': {'no_images': 4}}",Jpeg:39.00,Jpeg,Jpeg,Jpeg,,Jpeg,32,14.854141235351562,256
20,,36.48045660956416,0.9646365678826612,40,5739.0,0.7005615234375,256,,5.532322704303886,"{'input_image': None, 'output_dir': './out/datasets/script_tool', 'image_name': 'cameramen', 'timestamp': 1614419893.2556033, 'out_dir_ts': './out/datasets/script_tool/cameramen/out_1614419893.2556033', 'logs_dir': './out/datasets/script_tool/cameramen/out_1614419893.2556033/logs', 'images_dir': './out/datasets/script_tool/cameramen/out_1614419893.2556033/images', 'configs_dir': './out/datasets/script_tool/cameramen/out_1614419893.2556033/configs', 'csv_dir': './out/datasets/script_tool/cameramen/out_1614419893.2556033/out_csv', 'images_list': ['./out/datasets/script_tool/cameramen/out_1614419893.2556033/images/cameramen_512h_512w.png', './out/datasets/script_tool/cameramen/out_1614419893.2556033/images/hist_cameramen_512h_512w.png', './out/datasets/script_tool/cameramen/out_1614419893.2556033/images/cameramen_256h_256w.png', './out/datasets/script_tool/cameramen/out_1614419893.2556033/images/hist_cameramen_256h_256w.png'], 'script_stats': {'no_images': 4}}",Jpeg:40.00,Jpeg,Jpeg,Jpeg,,Jpeg,32,14.622940063476562,256
21,,36.66227767814824,0.9658701566201835,41,5856.0,0.71484375,256,,5.421789617486339,"{'input_image': None, 'output_dir': './out/datasets/script_tool', 'image_name': 'cameramen', 'timestamp': 1614419893.2556033, 'out_dir_ts': './out/datasets/script_tool/cameramen/out_1614419893.2556033', 'logs_dir': './out/datasets/script_tool/cameramen/out_1614419893.2556033/logs', 'images_dir': './out/datasets/script_tool/cameramen/out_1614419893.2556033/images', 'configs_dir': './out/datasets/script_tool/cameramen/out_1614419893.2556033/configs', 'csv_dir': './out/datasets/script_tool/cameramen/out_1614419893.2556033/out_csv', 'images_list': ['./out/datasets/script_tool/cameramen/out_1614419893.2556033/images/cameramen_512h_512w.png', './out/datasets/script_tool/cameramen/out_1614419893.2556033/images/hist_cameramen_512h_512w.png', './out/datasets/script_tool/cameramen/out_1614419893.2556033/images/cameramen_256h_256w.png', './out/datasets/script_tool/cameramen/out_1614419893.2556033/images/hist_cameramen_256h_256w.png'], 'script_stats': {'no_images': 4}}",Jpeg:41.00,Jpeg,Jpeg,Jpeg,,Jpeg,32,14.02337646484375,256
22,,36.72273456705893,0.9663925888614385,42,5897.0,0.7198486328125,256,,5.384093606918772,"{'input_image': None, 'output_dir': './out/datasets/script_tool', 'image_name': 'cameramen', 'timestamp': 1614419893.2556033, 'out_dir_ts': './out/datasets/script_tool/cameramen/out_1614419893.2556033', 'logs_dir': './out/datasets/script_tool/cameramen/out_1614419893.2556033/logs', 'images_dir': './out/datasets/script_tool/cameramen/out_1614419893.2556033/images', 'configs_dir': './out/datasets/script_tool/cameramen/out_1614419893.2556033/configs', 'csv_dir': './out/datasets/script_tool/cameramen/out_1614419893.2556033/out_csv', 'images_list': ['./out/datasets/script_tool/cameramen/out_1614419893.2556033/images/cameramen_512h_512w.png', './out/datasets/script_tool/cameramen/out_1614419893.2556033/images/hist_cameramen_512h_512w.png', './out/datasets/script_tool/cameramen/out_1614419893.2556033/images/cameramen_256h_256w.png', './out/datasets/script_tool/cameramen/out_1614419893.2556033/images/hist_cameramen_256h_256w.png'], 'script_stats': {'no_images': 4}}",Jpeg:42.00,Jpeg,Jpeg,Jpeg,,Jpeg,32,13.829513549804688,256
23,,36.83892823367283,0.9669243771769712,43,5948.0,0.72607421875,256,,5.337928715534633,"{'input_image': None, 'output_dir': './out/datasets/script_tool', 'image_name': 'cameramen', 'timestamp': 1614419893.2556033, 'out_dir_ts': './out/datasets/script_tool/cameramen/out_1614419893.2556033', 'logs_dir': './out/datasets/script_tool/cameramen/out_1614419893.2556033/logs', 'images_dir': './out/datasets/script_tool/cameramen/out_1614419893.2556033/images', 'configs_dir': './out/datasets/script_tool/cameramen/out_1614419893.2556033/configs', 'csv_dir': './out/datasets/script_tool/cameramen/out_1614419893.2556033/out_csv', 'images_list': ['./out/datasets/script_tool/cameramen/out_1614419893.2556033/images/cameramen_512h_512w.png', './out/datasets/script_tool/cameramen/out_1614419893.2556033/images/hist_cameramen_512h_512w.png', './out/datasets/script_tool/cameramen/out_1614419893.2556033/images/cameramen_256h_256w.png', './out/datasets/script_tool/cameramen/out_1614419893.2556033/images/hist_cameramen_256h_256w.png'], 'script_stats': {'no_images': 4}}",Jpeg:43.00,Jpeg,Jpeg,Jpeg,,Jpeg,32,13.46441650390625,256
24,,36.964375995634946,0.9675635570494495,44,6054.0,0.739013671875,256,,5.244466468450611,"{'input_image': None, 'output_dir': './out/datasets/script_tool', 'image_name': 'cameramen', 'timestamp': 1614419893.2556033, 'out_dir_ts': './out/datasets/script_tool/cameramen/out_1614419893.2556033', 'logs_dir': './out/datasets/script_tool/cameramen/out_1614419893.2556033/logs', 'images_dir': './out/datasets/script_tool/cameramen/out_1614419893.2556033/images', 'configs_dir': './out/datasets/script_tool/cameramen/out_1614419893.2556033/configs', 'csv_dir': './out/datasets/script_tool/cameramen/out_1614419893.2556033/out_csv', 'images_list': ['./out/datasets/script_tool/cameramen/out_1614419893.2556033/images/cameramen_512h_512w.png', './out/datasets/script_tool/cameramen/out_1614419893.2556033/images/hist_cameramen_512h_512w.png', './out/datasets/script_tool/cameramen/out_1614419893.2556033/images/cameramen_256h_256w.png', './out/datasets/script_tool/cameramen/out_1614419893.2556033/images/hist_cameramen_256h_256w.png'], 'script_stats': {'no_images': 4}}",Jpeg:44.00,Jpeg,Jpeg,Jpeg,,Jpeg,32,13.0810546875,256
25,,37.03950176130328,0.9680011412622659,45,6115.0,0.7464599609375,256,,5.192150449713819,"{'input_image': None, 'output_dir': './out/datasets/script_tool', 'image_name': 'cameramen', 'timestamp': 1614419893.2556033, 'out_dir_ts': './out/datasets/script_tool/cameramen/out_1614419893.2556033', 'logs_dir': './out/datasets/script_tool/cameramen/out_1614419893.2556033/logs', 'images_dir': './out/datasets/script_tool/cameramen/out_1614419893.2556033/images', 'configs_dir': './out/datasets/script_tool/cameramen/out_1614419893.2556033/configs', 'csv_dir': './out/datasets/script_tool/cameramen/out_1614419893.2556033/out_csv', 'images_list': ['./out/datasets/script_tool/cameramen/out_1614419893.2556033/images/cameramen_512h_512w.png', './out/datasets/script_tool/cameramen/out_1614419893.2556033/images/hist_cameramen_512h_512w.png', './out/datasets/script_tool/cameramen/out_1614419893.2556033/images/cameramen_256h_256w.png', './out/datasets/script_tool/cameramen/out_1614419893.2556033/images/hist_cameramen_256h_256w.png'], 'script_stats': {'no_images': 4}}",Jpeg:45.00,Jpeg,Jpeg,Jpeg,,Jpeg,32,12.856719970703125,256
26,,37.192481146239714,0.9690627885381611,46,6197.0,0.7564697265625,256,,5.12344682911086,"{'input_image': None, 'output_dir': './out/datasets/script_tool', 'image_name': 'cameramen', 'timestamp': 1614419893.2556033, 'out_dir_ts': './out/datasets/script_tool/cameramen/out_1614419893.2556033', 'logs_dir': './out/datasets/script_tool/cameramen/out_1614419893.2556033/logs', 'images_dir': './out/datasets/script_tool/cameramen/out_1614419893.2556033/images', 'configs_dir': './out/datasets/script_tool/cameramen/out_1614419893.2556033/configs', 'csv_dir': './out/datasets/script_tool/cameramen/out_1614419893.2556033/out_csv', 'images_list': ['./out/datasets/script_tool/cameramen/out_1614419893.2556033/images/cameramen_512h_512w.png', './out/datasets/script_tool/cameramen/out_1614419893.2556033/images/hist_cameramen_512h_512w.png', './out/datasets/script_tool/cameramen/out_1614419893.2556033/images/cameramen_256h_256w.png', './out/datasets/script_tool/cameramen/out_1614419893.2556033/images/hist_cameramen_256h_256w.png'], 'script_stats': {'no_images': 4}}",Jpeg:46.00,Jpeg,Jpeg,Jpeg,,Jpeg,32,12.411727905273438,256
27,,37.28420315071057,0.9694472065085818,47,6225.0,0.7598876953125,256,,5.100401606425703,"{'input_image': None, 'output_dir': './out/datasets/script_tool', 'image_name': 'cameramen', 'timestamp': 1614419893.2556033, 'out_dir_ts': './out/datasets/script_tool/cameramen/out_1614419893.2556033', 'logs_dir': './out/datasets/script_tool/cameramen/out_1614419893.2556033/logs', 'images_dir': './out/datasets/script_tool/cameramen/out_1614419893.2556033/images', 'configs_dir': './out/datasets/script_tool/cameramen/out_1614419893.2556033/configs', 'csv_dir': './out/datasets/script_tool/cameramen/out_1614419893.2556033/out_csv', 'images_list': ['./out/datasets/script_tool/cameramen/out_1614419893.2556033/images/cameramen_512h_512w.png', './out/datasets/script_tool/cameramen/out_1614419893.2556033/images/hist_cameramen_512h_512w.png', './out/datasets/script_tool/cameramen/out_1614419893.2556033/images/cameramen_256h_256w.png', './out/datasets/script_tool/cameramen/out_1614419893.2556033/images/hist_cameramen_256h_256w.png'], 'script_stats': {'no_images': 4}}",Jpeg:47.00,Jpeg,Jpeg,Jpeg,,Jpeg,32,12.15234375,256
28,,37.353156938553695,0.969826563598731,48,6322.0,0.771728515625,256,,5.022144890857324,"{'input_image': None, 'output_dir': './out/datasets/script_tool', 'image_name': 'cameramen', 'timestamp': 1614419893.2556033, 'out_dir_ts': './out/datasets/script_tool/cameramen/out_1614419893.2556033', 'logs_dir': './out/datasets/script_tool/cameramen/out_1614419893.2556033/logs', 'images_dir': './out/datasets/script_tool/cameramen/out_1614419893.2556033/images', 'configs_dir': './out/datasets/script_tool/cameramen/out_1614419893.2556033/configs', 'csv_dir': './out/datasets/script_tool/cameramen/out_1614419893.2556033/out_csv', 'images_list': ['./out/datasets/script_tool/cameramen/out_1614419893.2556033/images/cameramen_512h_512w.png', './out/datasets/script_tool/cameramen/out_1614419893.2556033/images/hist_cameramen_512h_512w.png', './out/datasets/script_tool/cameramen/out_1614419893.2556033/images/cameramen_256h_256w.png', './out/datasets/script_tool/cameramen/out_1614419893.2556033/images/hist_cameramen_256h_256w.png'], 'script_stats': {'no_images': 4}}",Jpeg:48.00,Jpeg,Jpeg,Jpeg,,Jpeg,32,11.960922241210938,256
29,,37.50473591364252,0.9706572974547898,49,6426.0,0.784423828125,256,,4.940865234982882,"{'input_image': None, 'output_dir': './out/datasets/script_tool', 'image_name': 'cameramen', 'timestamp': 1614419893.2556033, 'out_dir_ts': './out/datasets/script_tool/cameramen/out_1614419893.2556033', 'logs_dir': './out/datasets/script_tool/cameramen/out_1614419893.2556033/logs', 'images_dir': './out/datasets/script_tool/cameramen/out_1614419893.2556033/images', 'configs_dir': './out/datasets/script_tool/cameramen/out_1614419893.2556033/configs', 'csv_dir': './out/datasets/script_tool/cameramen/out_1614419893.2556033/out_csv', 'images_list': ['./out/datasets/script_tool/cameramen/out_1614419893.2556033/images/cameramen_512h_512w.png', './out/datasets/script_tool/cameramen/out_1614419893.2556033/images/hist_cameramen_512h_512w.png', './out/datasets/script_tool/cameramen/out_1614419893.2556033/images/cameramen_256h_256w.png', './out/datasets/script_tool/cameramen/out_1614419893.2556033/images/hist_cameramen_256h_256w.png'], 'script_stats': {'no_images': 4}}",Jpeg:49.00,Jpeg,Jpeg,Jpeg,,Jpeg,32,11.5506591796875,256
30,,37.54610221720667,0.9708119702801449,50,6439.0,0.7860107421875,256,,4.930889889734431,"{'input_image': None, 'output_dir': './out/datasets/script_tool', 'image_name': 'cameramen', 'timestamp': 1614419893.2556033, 'out_dir_ts': './out/datasets/script_tool/cameramen/out_1614419893.2556033', 'logs_dir': './out/datasets/script_tool/cameramen/out_1614419893.2556033/logs', 'images_dir': './out/datasets/script_tool/cameramen/out_1614419893.2556033/images', 'configs_dir': './out/datasets/script_tool/cameramen/out_1614419893.2556033/configs', 'csv_dir': './out/datasets/script_tool/cameramen/out_1614419893.2556033/out_csv', 'images_list': ['./out/datasets/script_tool/cameramen/out_1614419893.2556033/images/cameramen_512h_512w.png', './out/datasets/script_tool/cameramen/out_1614419893.2556033/images/hist_cameramen_512h_512w.png', './out/datasets/script_tool/cameramen/out_1614419893.2556033/images/cameramen_256h_256w.png', './out/datasets/script_tool/cameramen/out_1614419893.2556033/images/hist_cameramen_256h_256w.png'], 'script_stats': {'no_images': 4}}",Jpeg:50.00,Jpeg,Jpeg,Jpeg,,Jpeg,32,11.441162109375,256
31,,37.592986380234194,0.9708716804710238,51,6455.0,0.7879638671875,256,,4.918667699457784,"{'input_image': None, 'output_dir': './out/datasets/script_tool', 'image_name': 'cameramen', 'timestamp': 1614419893.2556033, 'out_dir_ts': './out/datasets/script_tool/cameramen/out_1614419893.2556033', 'logs_dir': './out/datasets/script_tool/cameramen/out_1614419893.2556033/logs', 'images_dir': './out/datasets/script_tool/cameramen/out_1614419893.2556033/images', 'configs_dir': './out/datasets/script_tool/cameramen/out_1614419893.2556033/configs', 'csv_dir': './out/datasets/script_tool/cameramen/out_1614419893.2556033/out_csv', 'images_list': ['./out/datasets/script_tool/cameramen/out_1614419893.2556033/images/cameramen_512h_512w.png', './out/datasets/script_tool/cameramen/out_1614419893.2556033/images/hist_cameramen_512h_512w.png', './out/datasets/script_tool/cameramen/out_1614419893.2556033/images/cameramen_256h_256w.png', './out/datasets/script_tool/cameramen/out_1614419893.2556033/images/hist_cameramen_256h_256w.png'], 'script_stats': {'no_images': 4}}",Jpeg:51.00,Jpeg,Jpeg,Jpeg,,Jpeg,32,11.318313598632812,256
32,,37.74270760825781,0.9717278200071566,52,6578.0,0.802978515625,256,,4.826695044086349,"{'input_image': None, 'output_dir': './out/datasets/script_tool', 'image_name': 'cameramen', 'timestamp': 1614419893.2556033, 'out_dir_ts': './out/datasets/script_tool/cameramen/out_1614419893.2556033', 'logs_dir': './out/datasets/script_tool/cameramen/out_1614419893.2556033/logs', 'images_dir': './out/datasets/script_tool/cameramen/out_1614419893.2556033/images', 'configs_dir': './out/datasets/script_tool/cameramen/out_1614419893.2556033/configs', 'csv_dir': './out/datasets/script_tool/cameramen/out_1614419893.2556033/out_csv', 'images_list': ['./out/datasets/script_tool/cameramen/out_1614419893.2556033/images/cameramen_512h_512w.png', './out/datasets/script_tool/cameramen/out_1614419893.2556033/images/hist_cameramen_512h_512w.png', './out/datasets/script_tool/cameramen/out_1614419893.2556033/images/cameramen_256h_256w.png', './out/datasets/script_tool/cameramen/out_1614419893.2556033/images/hist_cameramen_256h_256w.png'], 'script_stats': {'no_images': 4}}",Jpeg:52.00,Jpeg,Jpeg,Jpeg,,Jpeg,32,10.934768676757812,256
33,,37.82194341551167,0.9723920784599859,53,6658.0,0.812744140625,256,,4.768699309101833,"{'input_image': None, 'output_dir': './out/datasets/script_tool', 'image_name': 'cameramen', 'timestamp': 1614419893.2556033, 'out_dir_ts': './out/datasets/script_tool/cameramen/out_1614419893.2556033', 'logs_dir': './out/datasets/script_tool/cameramen/out_1614419893.2556033/logs', 'images_dir': './out/datasets/script_tool/cameramen/out_1614419893.2556033/images', 'configs_dir': './out/datasets/script_tool/cameramen/out_1614419893.2556033/configs', 'csv_dir': './out/datasets/script_tool/cameramen/out_1614419893.2556033/out_csv', 'images_list': ['./out/datasets/script_tool/cameramen/out_1614419893.2556033/images/cameramen_512h_512w.png', './out/datasets/script_tool/cameramen/out_1614419893.2556033/images/hist_cameramen_512h_512w.png', './out/datasets/script_tool/cameramen/out_1614419893.2556033/images/cameramen_256h_256w.png', './out/datasets/script_tool/cameramen/out_1614419893.2556033/images/hist_cameramen_256h_256w.png'], 'script_stats': {'no_images': 4}}",Jpeg:53.00,Jpeg,Jpeg,Jpeg,,Jpeg,32,10.737075805664062,256
34,,37.91481654991216,0.9727034210667969,54,6688.0,0.81640625,256,,4.747308612440191,"{'input_image': None, 'output_dir': './out/datasets/script_tool', 'image_name': 'cameramen', 'timestamp': 1614419893.2556033, 'out_dir_ts': './out/datasets/script_tool/cameramen/out_1614419893.2556033', 'logs_dir': './out/datasets/script_tool/cameramen/out_1614419893.2556033/logs', 'images_dir': './out/datasets/script_tool/cameramen/out_1614419893.2556033/images', 'configs_dir': './out/datasets/script_tool/cameramen/out_1614419893.2556033/configs', 'csv_dir': './out/datasets/script_tool/cameramen/out_1614419893.2556033/out_csv', 'images_list': ['./out/datasets/script_tool/cameramen/out_1614419893.2556033/images/cameramen_512h_512w.png', './out/datasets/script_tool/cameramen/out_1614419893.2556033/images/hist_cameramen_512h_512w.png', './out/datasets/script_tool/cameramen/out_1614419893.2556033/images/cameramen_256h_256w.png', './out/datasets/script_tool/cameramen/out_1614419893.2556033/images/hist_cameramen_256h_256w.png'], 'script_stats': {'no_images': 4}}",Jpeg:54.00,Jpeg,Jpeg,Jpeg,,Jpeg,32,10.509902954101562,256
35,,38.0083338732749,0.9732647579195932,55,6747.0,0.8236083984375,256,,4.705795168222914,"{'input_image': None, 'output_dir': './out/datasets/script_tool', 'image_name': 'cameramen', 'timestamp': 1614419893.2556033, 'out_dir_ts': './out/datasets/script_tool/cameramen/out_1614419893.2556033', 'logs_dir': './out/datasets/script_tool/cameramen/out_1614419893.2556033/logs', 'images_dir': './out/datasets/script_tool/cameramen/out_1614419893.2556033/images', 'configs_dir': './out/datasets/script_tool/cameramen/out_1614419893.2556033/configs', 'csv_dir': './out/datasets/script_tool/cameramen/out_1614419893.2556033/out_csv', 'images_list': ['./out/datasets/script_tool/cameramen/out_1614419893.2556033/images/cameramen_512h_512w.png', './out/datasets/script_tool/cameramen/out_1614419893.2556033/images/hist_cameramen_512h_512w.png', './out/datasets/script_tool/cameramen/out_1614419893.2556033/images/cameramen_256h_256w.png', './out/datasets/script_tool/cameramen/out_1614419893.2556033/images/hist_cameramen_256h_256w.png'], 'script_stats': {'no_images': 4}}",Jpeg:55.00,Jpeg,Jpeg,Jpeg,,Jpeg,32,10.2860107421875,256
36,,38.12651155874074,0.9736326077075035,56,6820.0,0.83251953125,256,,4.655425219941349,"{'input_image': None, 'output_dir': './out/datasets/script_tool', 'image_name': 'cameramen', 'timestamp': 1614419893.2556033, 'out_dir_ts': './out/datasets/script_tool/cameramen/out_1614419893.2556033', 'logs_dir': './out/datasets/script_tool/cameramen/out_1614419893.2556033/logs', 'images_dir': './out/datasets/script_tool/cameramen/out_1614419893.2556033/images', 'configs_dir': './out/datasets/script_tool/cameramen/out_1614419893.2556033/configs', 'csv_dir': './out/datasets/script_tool/cameramen/out_1614419893.2556033/out_csv', 'images_list': ['./out/datasets/script_tool/cameramen/out_1614419893.2556033/images/cameramen_512h_512w.png', './out/datasets/script_tool/cameramen/out_1614419893.2556033/images/hist_cameramen_512h_512w.png', './out/datasets/script_tool/cameramen/out_1614419893.2556033/images/cameramen_256h_256w.png', './out/datasets/script_tool/cameramen/out_1614419893.2556033/images/hist_cameramen_256h_256w.png'], 'script_stats': {'no_images': 4}}",Jpeg:56.00,Jpeg,Jpeg,Jpeg,,Jpeg,32,10.0098876953125,256
37,,38.22661612285674,0.9739713934423191,57,6923.0,0.8450927734375,256,,4.586162068467427,"{'input_image': None, 'output_dir': './out/datasets/script_tool', 'image_name': 'cameramen', 'timestamp': 1614419893.2556033, 'out_dir_ts': './out/datasets/script_tool/cameramen/out_1614419893.2556033', 'logs_dir': './out/datasets/script_tool/cameramen/out_1614419893.2556033/logs', 'images_dir': './out/datasets/script_tool/cameramen/out_1614419893.2556033/images', 'configs_dir': './out/datasets/script_tool/cameramen/out_1614419893.2556033/configs', 'csv_dir': './out/datasets/script_tool/cameramen/out_1614419893.2556033/out_csv', 'images_list': ['./out/datasets/script_tool/cameramen/out_1614419893.2556033/images/cameramen_512h_512w.png', './out/datasets/script_tool/cameramen/out_1614419893.2556033/images/hist_cameramen_512h_512w.png', './out/datasets/script_tool/cameramen/out_1614419893.2556033/images/cameramen_256h_256w.png', './out/datasets/script_tool/cameramen/out_1614419893.2556033/images/hist_cameramen_256h_256w.png'], 'script_stats': {'no_images': 4}}",Jpeg:57.00,Jpeg,Jpeg,Jpeg,,Jpeg,32,9.78179931640625,256
38,,38.3310946532659,0.9744806863115787,58,7059.0,0.8616943359375,256,,4.497804221561128,"{'input_image': None, 'output_dir': './out/datasets/script_tool', 'image_name': 'cameramen', 'timestamp': 1614419893.2556033, 'out_dir_ts': './out/datasets/script_tool/cameramen/out_1614419893.2556033', 'logs_dir': './out/datasets/script_tool/cameramen/out_1614419893.2556033/logs', 'images_dir': './out/datasets/script_tool/cameramen/out_1614419893.2556033/images', 'configs_dir': './out/datasets/script_tool/cameramen/out_1614419893.2556033/configs', 'csv_dir': './out/datasets/script_tool/cameramen/out_1614419893.2556033/out_csv', 'images_list': ['./out/datasets/script_tool/cameramen/out_1614419893.2556033/images/cameramen_512h_512w.png', './out/datasets/script_tool/cameramen/out_1614419893.2556033/images/hist_cameramen_512h_512w.png', './out/datasets/script_tool/cameramen/out_1614419893.2556033/images/cameramen_256h_256w.png', './out/datasets/script_tool/cameramen/out_1614419893.2556033/images/hist_cameramen_256h_256w.png'], 'script_stats': {'no_images': 4}}",Jpeg:58.00,Jpeg,Jpeg,Jpeg,,Jpeg,32,9.549285888671875,256
39,,38.41577277741002,0.9749234623798664,59,7116.0,0.86865234375,256,,4.461776278808319,"{'input_image': None, 'output_dir': './out/datasets/script_tool', 'image_name': 'cameramen', 'timestamp': 1614419893.2556033, 'out_dir_ts': './out/datasets/script_tool/cameramen/out_1614419893.2556033', 'logs_dir': './out/datasets/script_tool/cameramen/out_1614419893.2556033/logs', 'images_dir': './out/datasets/script_tool/cameramen/out_1614419893.2556033/images', 'configs_dir': './out/datasets/script_tool/cameramen/out_1614419893.2556033/configs', 'csv_dir': './out/datasets/script_tool/cameramen/out_1614419893.2556033/out_csv', 'images_list': ['./out/datasets/script_tool/cameramen/out_1614419893.2556033/images/cameramen_512h_512w.png', './out/datasets/script_tool/cameramen/out_1614419893.2556033/images/hist_cameramen_512h_512w.png', './out/datasets/script_tool/cameramen/out_1614419893.2556033/images/cameramen_256h_256w.png', './out/datasets/script_tool/cameramen/out_1614419893.2556033/images/hist_cameramen_256h_256w.png'], 'script_stats': {'no_images': 4}}",Jpeg:59.00,Jpeg,Jpeg,Jpeg,,Jpeg,32,9.364898681640625,256
40,,38.52245863686023,0.9753322220712224,60,7181.0,0.8765869140625,256,,4.42138977858237,"{'input_image': None, 'output_dir': './out/datasets/script_tool', 'image_name': 'cameramen', 'timestamp': 1614419893.2556033, 'out_dir_ts': './out/datasets/script_tool/cameramen/out_1614419893.2556033', 'logs_dir': './out/datasets/script_tool/cameramen/out_1614419893.2556033/logs', 'images_dir': './out/datasets/script_tool/cameramen/out_1614419893.2556033/images', 'configs_dir': './out/datasets/script_tool/cameramen/out_1614419893.2556033/configs', 'csv_dir': './out/datasets/script_tool/cameramen/out_1614419893.2556033/out_csv', 'images_list': ['./out/datasets/script_tool/cameramen/out_1614419893.2556033/images/cameramen_512h_512w.png', './out/datasets/script_tool/cameramen/out_1614419893.2556033/images/hist_cameramen_512h_512w.png', './out/datasets/script_tool/cameramen/out_1614419893.2556033/images/cameramen_256h_256w.png', './out/datasets/script_tool/cameramen/out_1614419893.2556033/images/hist_cameramen_256h_256w.png'], 'script_stats': {'no_images': 4}}",Jpeg:60.00,Jpeg,Jpeg,Jpeg,,Jpeg,32,9.137649536132812,256
41,,38.66845725568852,0.976010014511555,61,7298.0,0.890869140625,256,,4.350506988215949,"{'input_image': None, 'output_dir': './out/datasets/script_tool', 'image_name': 'cameramen', 'timestamp': 1614419893.2556033, 'out_dir_ts': './out/datasets/script_tool/cameramen/out_1614419893.2556033', 'logs_dir': './out/datasets/script_tool/cameramen/out_1614419893.2556033/logs', 'images_dir': './out/datasets/script_tool/cameramen/out_1614419893.2556033/images', 'configs_dir': './out/datasets/script_tool/cameramen/out_1614419893.2556033/configs', 'csv_dir': './out/datasets/script_tool/cameramen/out_1614419893.2556033/out_csv', 'images_list': ['./out/datasets/script_tool/cameramen/out_1614419893.2556033/images/cameramen_512h_512w.png', './out/datasets/script_tool/cameramen/out_1614419893.2556033/images/hist_cameramen_512h_512w.png', './out/datasets/script_tool/cameramen/out_1614419893.2556033/images/cameramen_256h_256w.png', './out/datasets/script_tool/cameramen/out_1614419893.2556033/images/hist_cameramen_256h_256w.png'], 'script_stats': {'no_images': 4}}",Jpeg:61.00,Jpeg,Jpeg,Jpeg,,Jpeg,32,8.8355712890625,256
42,,38.78367438948362,0.9764859004686942,62,7373.0,0.9000244140625,256,,4.306252543062525,"{'input_image': None, 'output_dir': './out/datasets/script_tool', 'image_name': 'cameramen', 'timestamp': 1614419893.2556033, 'out_dir_ts': './out/datasets/script_tool/cameramen/out_1614419893.2556033', 'logs_dir': './out/datasets/script_tool/cameramen/out_1614419893.2556033/logs', 'images_dir': './out/datasets/script_tool/cameramen/out_1614419893.2556033/images', 'configs_dir': './out/datasets/script_tool/cameramen/out_1614419893.2556033/configs', 'csv_dir': './out/datasets/script_tool/cameramen/out_1614419893.2556033/out_csv', 'images_list': ['./out/datasets/script_tool/cameramen/out_1614419893.2556033/images/cameramen_512h_512w.png', './out/datasets/script_tool/cameramen/out_1614419893.2556033/images/hist_cameramen_512h_512w.png', './out/datasets/script_tool/cameramen/out_1614419893.2556033/images/cameramen_256h_256w.png', './out/datasets/script_tool/cameramen/out_1614419893.2556033/images/hist_cameramen_256h_256w.png'], 'script_stats': {'no_images': 4}}",Jpeg:62.00,Jpeg,Jpeg,Jpeg,,Jpeg,32,8.604248046875,256
43,,38.895072458779445,0.9770878688233556,63,7495.0,0.9149169921875,256,,4.236157438292195,"{'input_image': None, 'output_dir': './out/datasets/script_tool', 'image_name': 'cameramen', 'timestamp': 1614419893.2556033, 'out_dir_ts': './out/datasets/script_tool/cameramen/out_1614419893.2556033', 'logs_dir': './out/datasets/script_tool/cameramen/out_1614419893.2556033/logs', 'images_dir': './out/datasets/script_tool/cameramen/out_1614419893.2556033/images', 'configs_dir': './out/datasets/script_tool/cameramen/out_1614419893.2556033/configs', 'csv_dir': './out/datasets/script_tool/cameramen/out_1614419893.2556033/out_csv', 'images_list': ['./out/datasets/script_tool/cameramen/out_1614419893.2556033/images/cameramen_512h_512w.png', './out/datasets/script_tool/cameramen/out_1614419893.2556033/images/hist_cameramen_512h_512w.png', './out/datasets/script_tool/cameramen/out_1614419893.2556033/images/cameramen_256h_256w.png', './out/datasets/script_tool/cameramen/out_1614419893.2556033/images/hist_cameramen_256h_256w.png'], 'script_stats': {'no_images': 4}}",Jpeg:63.00,Jpeg,Jpeg,Jpeg,,Jpeg,32,8.3863525390625,256
44,,38.9995171113065,0.9775688740130524,64,7554.0,0.922119140625,256,,4.203071220545406,"{'input_image': None, 'output_dir': './out/datasets/script_tool', 'image_name': 'cameramen', 'timestamp': 1614419893.2556033, 'out_dir_ts': './out/datasets/script_tool/cameramen/out_1614419893.2556033', 'logs_dir': './out/datasets/script_tool/cameramen/out_1614419893.2556033/logs', 'images_dir': './out/datasets/script_tool/cameramen/out_1614419893.2556033/images', 'configs_dir': './out/datasets/script_tool/cameramen/out_1614419893.2556033/configs', 'csv_dir': './out/datasets/script_tool/cameramen/out_1614419893.2556033/out_csv', 'images_list': ['./out/datasets/script_tool/cameramen/out_1614419893.2556033/images/cameramen_512h_512w.png', './out/datasets/script_tool/cameramen/out_1614419893.2556033/images/hist_cameramen_512h_512w.png', './out/datasets/script_tool/cameramen/out_1614419893.2556033/images/cameramen_256h_256w.png', './out/datasets/script_tool/cameramen/out_1614419893.2556033/images/hist_cameramen_256h_256w.png'], 'script_stats': {'no_images': 4}}",Jpeg:64.00,Jpeg,Jpeg,Jpeg,,Jpeg,32,8.18707275390625,256
45,,39.15616370004321,0.9783132129686984,65,7716.0,0.94189453125,256,,4.114826334888543,"{'input_image': None, 'output_dir': './out/datasets/script_tool', 'image_name': 'cameramen', 'timestamp': 1614419893.2556033, 'out_dir_ts': './out/datasets/script_tool/cameramen/out_1614419893.2556033', 'logs_dir': './out/datasets/script_tool/cameramen/out_1614419893.2556033/logs', 'images_dir': './out/datasets/script_tool/cameramen/out_1614419893.2556033/images', 'configs_dir': './out/datasets/script_tool/cameramen/out_1614419893.2556033/configs', 'csv_dir': './out/datasets/script_tool/cameramen/out_1614419893.2556033/out_csv', 'images_list': ['./out/datasets/script_tool/cameramen/out_1614419893.2556033/images/cameramen_512h_512w.png', './out/datasets/script_tool/cameramen/out_1614419893.2556033/images/hist_cameramen_512h_512w.png', './out/datasets/script_tool/cameramen/out_1614419893.2556033/images/cameramen_256h_256w.png', './out/datasets/script_tool/cameramen/out_1614419893.2556033/images/hist_cameramen_256h_256w.png'], 'script_stats': {'no_images': 4}}",Jpeg:65.00,Jpeg,Jpeg,Jpeg,,Jpeg,32,7.89703369140625,256
46,,39.28713851606484,0.9787944237301083,66,7775.0,0.9490966796875,256,,4.083601286173633,"{'input_image': None, 'output_dir': './out/datasets/script_tool', 'image_name': 'cameramen', 'timestamp': 1614419893.2556033, 'out_dir_ts': './out/datasets/script_tool/cameramen/out_1614419893.2556033', 'logs_dir': './out/datasets/script_tool/cameramen/out_1614419893.2556033/logs', 'images_dir': './out/datasets/script_tool/cameramen/out_1614419893.2556033/images', 'configs_dir': './out/datasets/script_tool/cameramen/out_1614419893.2556033/configs', 'csv_dir': './out/datasets/script_tool/cameramen/out_1614419893.2556033/out_csv', 'images_list': ['./out/datasets/script_tool/cameramen/out_1614419893.2556033/images/cameramen_512h_512w.png', './out/datasets/script_tool/cameramen/out_1614419893.2556033/images/hist_cameramen_512h_512w.png', './out/datasets/script_tool/cameramen/out_1614419893.2556033/images/cameramen_256h_256w.png', './out/datasets/script_tool/cameramen/out_1614419893.2556033/images/hist_cameramen_256h_256w.png'], 'script_stats': {'no_images': 4}}",Jpeg:66.00,Jpeg,Jpeg,Jpeg,,Jpeg,32,7.6624298095703125,256
47,,39.42092867119526,0.9793416114055815,67,7886.0,0.962646484375,256,,4.026122241947755,"{'input_image': None, 'output_dir': './out/datasets/script_tool', 'image_name': 'cameramen', 'timestamp': 1614419893.2556033, 'out_dir_ts': './out/datasets/script_tool/cameramen/out_1614419893.2556033', 'logs_dir': './out/datasets/script_tool/cameramen/out_1614419893.2556033/logs', 'images_dir': './out/datasets/script_tool/cameramen/out_1614419893.2556033/images', 'configs_dir': './out/datasets/script_tool/cameramen/out_1614419893.2556033/configs', 'csv_dir': './out/datasets/script_tool/cameramen/out_1614419893.2556033/out_csv', 'images_list': ['./out/datasets/script_tool/cameramen/out_1614419893.2556033/images/cameramen_512h_512w.png', './out/datasets/script_tool/cameramen/out_1614419893.2556033/images/hist_cameramen_512h_512w.png', './out/datasets/script_tool/cameramen/out_1614419893.2556033/images/cameramen_256h_256w.png', './out/datasets/script_tool/cameramen/out_1614419893.2556033/images/hist_cameramen_256h_256w.png'], 'script_stats': {'no_images': 4}}",Jpeg:67.00,Jpeg,Jpeg,Jpeg,,Jpeg,32,7.4299774169921875,256
48,,39.58721863867438,0.9800261797349556,68,8083.0,0.9866943359375,256,,3.927997030805394,"{'input_image': None, 'output_dir': './out/datasets/script_tool', 'image_name': 'cameramen', 'timestamp': 1614419893.2556033, 'out_dir_ts': './out/datasets/script_tool/cameramen/out_1614419893.2556033', 'logs_dir': './out/datasets/script_tool/cameramen/out_1614419893.2556033/logs', 'images_dir': './out/datasets/script_tool/cameramen/out_1614419893.2556033/images', 'configs_dir': './out/datasets/script_tool/cameramen/out_1614419893.2556033/configs', 'csv_dir': './out/datasets/script_tool/cameramen/out_1614419893.2556033/out_csv', 'images_list': ['./out/datasets/script_tool/cameramen/out_1614419893.2556033/images/cameramen_512h_512w.png', './out/datasets/script_tool/cameramen/out_1614419893.2556033/images/hist_cameramen_512h_512w.png', './out/datasets/script_tool/cameramen/out_1614419893.2556033/images/cameramen_256h_256w.png', './out/datasets/script_tool/cameramen/out_1614419893.2556033/images/hist_cameramen_256h_256w.png'], 'script_stats': {'no_images': 4}}",Jpeg:68.00,Jpeg,Jpeg,Jpeg,,Jpeg,32,7.1508636474609375,256
49,,39.713694871434285,0.9803942835689585,69,8192.0,1.0,256,,3.875732421875,"{'input_image': None, 'output_dir': './out/datasets/script_tool', 'image_name': 'cameramen', 'timestamp': 1614419893.2556033, 'out_dir_ts': './out/datasets/script_tool/cameramen/out_1614419893.2556033', 'logs_dir': './out/datasets/script_tool/cameramen/out_1614419893.2556033/logs', 'images_dir': './out/datasets/script_tool/cameramen/out_1614419893.2556033/images', 'configs_dir': './out/datasets/script_tool/cameramen/out_1614419893.2556033/configs', 'csv_dir': './out/datasets/script_tool/cameramen/out_1614419893.2556033/out_csv', 'images_list': ['./out/datasets/script_tool/cameramen/out_1614419893.2556033/images/cameramen_512h_512w.png', './out/datasets/script_tool/cameramen/out_1614419893.2556033/images/hist_cameramen_512h_512w.png', './out/datasets/script_tool/cameramen/out_1614419893.2556033/images/cameramen_256h_256w.png', './out/datasets/script_tool/cameramen/out_1614419893.2556033/images/hist_cameramen_256h_256w.png'], 'script_stats': {'no_images': 4}}",Jpeg:69.00,Jpeg,Jpeg,Jpeg,,Jpeg,32,6.94561767578125,256
50,,39.907117670559266,0.9811433050876147,70,8355.0,1.0198974609375,256,,3.8001196888090965,"{'input_image': None, 'output_dir': './out/datasets/script_tool', 'image_name': 'cameramen', 'timestamp': 1614419893.2556033, 'out_dir_ts': './out/datasets/script_tool/cameramen/out_1614419893.2556033', 'logs_dir': './out/datasets/script_tool/cameramen/out_1614419893.2556033/logs', 'images_dir': './out/datasets/script_tool/cameramen/out_1614419893.2556033/images', 'configs_dir': './out/datasets/script_tool/cameramen/out_1614419893.2556033/configs', 'csv_dir': './out/datasets/script_tool/cameramen/out_1614419893.2556033/out_csv', 'images_list': ['./out/datasets/script_tool/cameramen/out_1614419893.2556033/images/cameramen_512h_512w.png', './out/datasets/script_tool/cameramen/out_1614419893.2556033/images/hist_cameramen_512h_512w.png', './out/datasets/script_tool/cameramen/out_1614419893.2556033/images/cameramen_256h_256w.png', './out/datasets/script_tool/cameramen/out_1614419893.2556033/images/hist_cameramen_256h_256w.png'], 'script_stats': {'no_images': 4}}",Jpeg:70.00,Jpeg,Jpeg,Jpeg,,Jpeg,32,6.64306640625,256
51,,40.066389137876754,0.9815596542280651,71,8486.0,1.035888671875,256,,3.741456516615602,"{'input_image': None, 'output_dir': './out/datasets/script_tool', 'image_name': 'cameramen', 'timestamp': 1614419893.2556033, 'out_dir_ts': './out/datasets/script_tool/cameramen/out_1614419893.2556033', 'logs_dir': './out/datasets/script_tool/cameramen/out_1614419893.2556033/logs', 'images_dir': './out/datasets/script_tool/cameramen/out_1614419893.2556033/images', 'configs_dir': './out/datasets/script_tool/cameramen/out_1614419893.2556033/configs', 'csv_dir': './out/datasets/script_tool/cameramen/out_1614419893.2556033/out_csv', 'images_list': ['./out/datasets/script_tool/cameramen/out_1614419893.2556033/images/cameramen_512h_512w.png', './out/datasets/script_tool/cameramen/out_1614419893.2556033/images/hist_cameramen_512h_512w.png', './out/datasets/script_tool/cameramen/out_1614419893.2556033/images/cameramen_256h_256w.png', './out/datasets/script_tool/cameramen/out_1614419893.2556033/images/hist_cameramen_256h_256w.png'], 'script_stats': {'no_images': 4}}",Jpeg:71.00,Jpeg,Jpeg,Jpeg,,Jpeg,32,6.4038543701171875,256
52,,40.243425440818925,0.9820470421790342,72,8599.0,1.0496826171875,256,,3.692289801139667,"{'input_image': None, 'output_dir': './out/datasets/script_tool', 'image_name': 'cameramen', 'timestamp': 1614419893.2556033, 'out_dir_ts': './out/datasets/script_tool/cameramen/out_1614419893.2556033', 'logs_dir': './out/datasets/script_tool/cameramen/out_1614419893.2556033/logs', 'images_dir': './out/datasets/script_tool/cameramen/out_1614419893.2556033/images', 'configs_dir': './out/datasets/script_tool/cameramen/out_1614419893.2556033/configs', 'csv_dir': './out/datasets/script_tool/cameramen/out_1614419893.2556033/out_csv', 'images_list': ['./out/datasets/script_tool/cameramen/out_1614419893.2556033/images/cameramen_512h_512w.png', './out/datasets/script_tool/cameramen/out_1614419893.2556033/images/hist_cameramen_512h_512w.png', './out/datasets/script_tool/cameramen/out_1614419893.2556033/images/cameramen_256h_256w.png', './out/datasets/script_tool/cameramen/out_1614419893.2556033/images/hist_cameramen_256h_256w.png'], 'script_stats': {'no_images': 4}}",Jpeg:72.00,Jpeg,Jpeg,Jpeg,,Jpeg,32,6.1480560302734375,256
53,,40.38200687144637,0.9824805061664619,73,8806.0,1.074951171875,256,,3.605496252555076,"{'input_image': None, 'output_dir': './out/datasets/script_tool', 'image_name': 'cameramen', 'timestamp': 1614419893.2556033, 'out_dir_ts': './out/datasets/script_tool/cameramen/out_1614419893.2556033', 'logs_dir': './out/datasets/script_tool/cameramen/out_1614419893.2556033/logs', 'images_dir': './out/datasets/script_tool/cameramen/out_1614419893.2556033/images', 'configs_dir': './out/datasets/script_tool/cameramen/out_1614419893.2556033/configs', 'csv_dir': './out/datasets/script_tool/cameramen/out_1614419893.2556033/out_csv', 'images_list': ['./out/datasets/script_tool/cameramen/out_1614419893.2556033/images/cameramen_512h_512w.png', './out/datasets/script_tool/cameramen/out_1614419893.2556033/images/hist_cameramen_512h_512w.png', './out/datasets/script_tool/cameramen/out_1614419893.2556033/images/cameramen_256h_256w.png', './out/datasets/script_tool/cameramen/out_1614419893.2556033/images/hist_cameramen_256h_256w.png'], 'script_stats': {'no_images': 4}}",Jpeg:73.00,Jpeg,Jpeg,Jpeg,,Jpeg,32,5.9549713134765625,256
54,,40.64278131952884,0.9834491778055185,74,9051.0,1.1048583984375,256,,3.507899679593415,"{'input_image': None, 'output_dir': './out/datasets/script_tool', 'image_name': 'cameramen', 'timestamp': 1614419893.2556033, 'out_dir_ts': './out/datasets/script_tool/cameramen/out_1614419893.2556033', 'logs_dir': './out/datasets/script_tool/cameramen/out_1614419893.2556033/logs', 'images_dir': './out/datasets/script_tool/cameramen/out_1614419893.2556033/images', 'configs_dir': './out/datasets/script_tool/cameramen/out_1614419893.2556033/configs', 'csv_dir': './out/datasets/script_tool/cameramen/out_1614419893.2556033/out_csv', 'images_list': ['./out/datasets/script_tool/cameramen/out_1614419893.2556033/images/cameramen_512h_512w.png', './out/datasets/script_tool/cameramen/out_1614419893.2556033/images/hist_cameramen_512h_512w.png', './out/datasets/script_tool/cameramen/out_1614419893.2556033/images/cameramen_256h_256w.png', './out/datasets/script_tool/cameramen/out_1614419893.2556033/images/hist_cameramen_256h_256w.png'], 'script_stats': {'no_images': 4}}",Jpeg:74.00,Jpeg,Jpeg,Jpeg,,Jpeg,32,5.6079254150390625,256
55,,40.74677597967346,0.9835850625943884,75,9084.0,1.10888671875,256,,3.4951563188022896,"{'input_image': None, 'output_dir': './out/datasets/script_tool', 'image_name': 'cameramen', 'timestamp': 1614419893.2556033, 'out_dir_ts': './out/datasets/script_tool/cameramen/out_1614419893.2556033', 'logs_dir': './out/datasets/script_tool/cameramen/out_1614419893.2556033/logs', 'images_dir': './out/datasets/script_tool/cameramen/out_1614419893.2556033/images', 'configs_dir': './out/datasets/script_tool/cameramen/out_1614419893.2556033/configs', 'csv_dir': './out/datasets/script_tool/cameramen/out_1614419893.2556033/out_csv', 'images_list': ['./out/datasets/script_tool/cameramen/out_1614419893.2556033/images/cameramen_512h_512w.png', './out/datasets/script_tool/cameramen/out_1614419893.2556033/images/hist_cameramen_512h_512w.png', './out/datasets/script_tool/cameramen/out_1614419893.2556033/images/cameramen_256h_256w.png', './out/datasets/script_tool/cameramen/out_1614419893.2556033/images/hist_cameramen_256h_256w.png'], 'script_stats': {'no_images': 4}}",Jpeg:75.00,Jpeg,Jpeg,Jpeg,,Jpeg,32,5.4752349853515625,256
56,,40.96935838199098,0.984137842543202,76,9244.0,1.12841796875,256,,3.434660320207702,"{'input_image': None, 'output_dir': './out/datasets/script_tool', 'image_name': 'cameramen', 'timestamp': 1614419893.2556033, 'out_dir_ts': './out/datasets/script_tool/cameramen/out_1614419893.2556033', 'logs_dir': './out/datasets/script_tool/cameramen/out_1614419893.2556033/logs', 'images_dir': './out/datasets/script_tool/cameramen/out_1614419893.2556033/images', 'configs_dir': './out/datasets/script_tool/cameramen/out_1614419893.2556033/configs', 'csv_dir': './out/datasets/script_tool/cameramen/out_1614419893.2556033/out_csv', 'images_list': ['./out/datasets/script_tool/cameramen/out_1614419893.2556033/images/cameramen_512h_512w.png', './out/datasets/script_tool/cameramen/out_1614419893.2556033/images/hist_cameramen_512h_512w.png', './out/datasets/script_tool/cameramen/out_1614419893.2556033/images/cameramen_256h_256w.png', './out/datasets/script_tool/cameramen/out_1614419893.2556033/images/hist_cameramen_256h_256w.png'], 'script_stats': {'no_images': 4}}",Jpeg:76.00,Jpeg,Jpeg,Jpeg,,Jpeg,32,5.201690673828125,256
57,,41.243166785186666,0.984932721252593,77,9553.0,1.1661376953125,256,,3.3235632785512403,"{'input_image': None, 'output_dir': './out/datasets/script_tool', 'image_name': 'cameramen', 'timestamp': 1614419893.2556033, 'out_dir_ts': './out/datasets/script_tool/cameramen/out_1614419893.2556033', 'logs_dir': './out/datasets/script_tool/cameramen/out_1614419893.2556033/logs', 'images_dir': './out/datasets/script_tool/cameramen/out_1614419893.2556033/images', 'configs_dir': './out/datasets/script_tool/cameramen/out_1614419893.2556033/configs', 'csv_dir': './out/datasets/script_tool/cameramen/out_1614419893.2556033/out_csv', 'images_list': ['./out/datasets/script_tool/cameramen/out_1614419893.2556033/images/cameramen_512h_512w.png', './out/datasets/script_tool/cameramen/out_1614419893.2556033/images/hist_cameramen_512h_512w.png', './out/datasets/script_tool/cameramen/out_1614419893.2556033/images/cameramen_256h_256w.png', './out/datasets/script_tool/cameramen/out_1614419893.2556033/images/hist_cameramen_256h_256w.png'], 'script_stats': {'no_images': 4}}",Jpeg:77.00,Jpeg,Jpeg,Jpeg,,Jpeg,32,4.8838653564453125,256
58,,41.429456484844074,0.9855326049565947,78,9781.0,1.1939697265625,256,,3.2460893569164706,"{'input_image': None, 'output_dir': './out/datasets/script_tool', 'image_name': 'cameramen', 'timestamp': 1614419893.2556033, 'out_dir_ts': './out/datasets/script_tool/cameramen/out_1614419893.2556033', 'logs_dir': './out/datasets/script_tool/cameramen/out_1614419893.2556033/logs', 'images_dir': './out/datasets/script_tool/cameramen/out_1614419893.2556033/images', 'configs_dir': './out/datasets/script_tool/cameramen/out_1614419893.2556033/configs', 'csv_dir': './out/datasets/script_tool/cameramen/out_1614419893.2556033/out_csv', 'images_list': ['./out/datasets/script_tool/cameramen/out_1614419893.2556033/images/cameramen_512h_512w.png', './out/datasets/script_tool/cameramen/out_1614419893.2556033/images/hist_cameramen_512h_512w.png', './out/datasets/script_tool/cameramen/out_1614419893.2556033/images/cameramen_256h_256w.png', './out/datasets/script_tool/cameramen/out_1614419893.2556033/images/hist_cameramen_256h_256w.png'], 'script_stats': {'no_images': 4}}",Jpeg:78.00,Jpeg,Jpeg,Jpeg,,Jpeg,32,4.678802490234375,256
59,,41.63545792911924,0.985998137054204,79,9935.0,1.2127685546875,256,,3.1957725213890287,"{'input_image': None, 'output_dir': './out/datasets/script_tool', 'image_name': 'cameramen', 'timestamp': 1614419893.2556033, 'out_dir_ts': './out/datasets/script_tool/cameramen/out_1614419893.2556033', 'logs_dir': './out/datasets/script_tool/cameramen/out_1614419893.2556033/logs', 'images_dir': './out/datasets/script_tool/cameramen/out_1614419893.2556033/images', 'configs_dir': './out/datasets/script_tool/cameramen/out_1614419893.2556033/configs', 'csv_dir': './out/datasets/script_tool/cameramen/out_1614419893.2556033/out_csv', 'images_list': ['./out/datasets/script_tool/cameramen/out_1614419893.2556033/images/cameramen_512h_512w.png', './out/datasets/script_tool/cameramen/out_1614419893.2556033/images/hist_cameramen_512h_512w.png', './out/datasets/script_tool/cameramen/out_1614419893.2556033/images/cameramen_256h_256w.png', './out/datasets/script_tool/cameramen/out_1614419893.2556033/images/hist_cameramen_256h_256w.png'], 'script_stats': {'no_images': 4}}",Jpeg:79.00,Jpeg,Jpeg,Jpeg,,Jpeg,32,4.4620513916015625,256
60,,41.85731134130347,0.9866066591438416,80,10149.0,1.2388916015625,256,,3.1283870332052417,"{'input_image': None, 'output_dir': './out/datasets/script_tool', 'image_name': 'cameramen', 'timestamp': 1614419893.2556033, 'out_dir_ts': './out/datasets/script_tool/cameramen/out_1614419893.2556033', 'logs_dir': './out/datasets/script_tool/cameramen/out_1614419893.2556033/logs', 'images_dir': './out/datasets/script_tool/cameramen/out_1614419893.2556033/images', 'configs_dir': './out/datasets/script_tool/cameramen/out_1614419893.2556033/configs', 'csv_dir': './out/datasets/script_tool/cameramen/out_1614419893.2556033/out_csv', 'images_list': ['./out/datasets/script_tool/cameramen/out_1614419893.2556033/images/cameramen_512h_512w.png', './out/datasets/script_tool/cameramen/out_1614419893.2556033/images/hist_cameramen_512h_512w.png', './out/datasets/script_tool/cameramen/out_1614419893.2556033/images/cameramen_256h_256w.png', './out/datasets/script_tool/cameramen/out_1614419893.2556033/images/hist_cameramen_256h_256w.png'], 'script_stats': {'no_images': 4}}",Jpeg:80.00,Jpeg,Jpeg,Jpeg,,Jpeg,32,4.239837646484375,256
61,,42.14916129835727,0.9873535925449209,81,10474.0,1.278564453125,256,,3.0313156387244606,"{'input_image': None, 'output_dir': './out/datasets/script_tool', 'image_name': 'cameramen', 'timestamp': 1614419893.2556033, 'out_dir_ts': './out/datasets/script_tool/cameramen/out_1614419893.2556033', 'logs_dir': './out/datasets/script_tool/cameramen/out_1614419893.2556033/logs', 'images_dir': './out/datasets/script_tool/cameramen/out_1614419893.2556033/images', 'configs_dir': './out/datasets/script_tool/cameramen/out_1614419893.2556033/configs', 'csv_dir': './out/datasets/script_tool/cameramen/out_1614419893.2556033/out_csv', 'images_list': ['./out/datasets/script_tool/cameramen/out_1614419893.2556033/images/cameramen_512h_512w.png', './out/datasets/script_tool/cameramen/out_1614419893.2556033/images/hist_cameramen_512h_512w.png', './out/datasets/script_tool/cameramen/out_1614419893.2556033/images/cameramen_256h_256w.png', './out/datasets/script_tool/cameramen/out_1614419893.2556033/images/hist_cameramen_256h_256w.png'], 'script_stats': {'no_images': 4}}",Jpeg:81.00,Jpeg,Jpeg,Jpeg,,Jpeg,32,3.9642791748046875,256
62,,42.37292569926183,0.9877524398632233,82,10681.0,1.3038330078125,256,,2.9725681116000375,"{'input_image': None, 'output_dir': './out/datasets/script_tool', 'image_name': 'cameramen', 'timestamp': 1614419893.2556033, 'out_dir_ts': './out/datasets/script_tool/cameramen/out_1614419893.2556033', 'logs_dir': './out/datasets/script_tool/cameramen/out_1614419893.2556033/logs', 'images_dir': './out/datasets/script_tool/cameramen/out_1614419893.2556033/images', 'configs_dir': './out/datasets/script_tool/cameramen/out_1614419893.2556033/configs', 'csv_dir': './out/datasets/script_tool/cameramen/out_1614419893.2556033/out_csv', 'images_list': ['./out/datasets/script_tool/cameramen/out_1614419893.2556033/images/cameramen_512h_512w.png', './out/datasets/script_tool/cameramen/out_1614419893.2556033/images/hist_cameramen_512h_512w.png', './out/datasets/script_tool/cameramen/out_1614419893.2556033/images/cameramen_256h_256w.png', './out/datasets/script_tool/cameramen/out_1614419893.2556033/images/hist_cameramen_256h_256w.png'], 'script_stats': {'no_images': 4}}",Jpeg:82.00,Jpeg,Jpeg,Jpeg,,Jpeg,32,3.76519775390625,256
63,,42.69812056107681,0.9886133207708204,83,11141.0,1.3599853515625,256,,2.8498339466834217,"{'input_image': None, 'output_dir': './out/datasets/script_tool', 'image_name': 'cameramen', 'timestamp': 1614419893.2556033, 'out_dir_ts': './out/datasets/script_tool/cameramen/out_1614419893.2556033', 'logs_dir': './out/datasets/script_tool/cameramen/out_1614419893.2556033/logs', 'images_dir': './out/datasets/script_tool/cameramen/out_1614419893.2556033/images', 'configs_dir': './out/datasets/script_tool/cameramen/out_1614419893.2556033/configs', 'csv_dir': './out/datasets/script_tool/cameramen/out_1614419893.2556033/out_csv', 'images_list': ['./out/datasets/script_tool/cameramen/out_1614419893.2556033/images/cameramen_512h_512w.png', './out/datasets/script_tool/cameramen/out_1614419893.2556033/images/hist_cameramen_512h_512w.png', './out/datasets/script_tool/cameramen/out_1614419893.2556033/images/cameramen_256h_256w.png', './out/datasets/script_tool/cameramen/out_1614419893.2556033/images/hist_cameramen_256h_256w.png'], 'script_stats': {'no_images': 4}}",Jpeg:83.00,Jpeg,Jpeg,Jpeg,,Jpeg,32,3.493560791015625,256
64,,42.967260969604204,0.9891024384396877,84,11421.0,1.3941650390625,256,,2.7799667279572717,"{'input_image': None, 'output_dir': './out/datasets/script_tool', 'image_name': 'cameramen', 'timestamp': 1614419893.2556033, 'out_dir_ts': './out/datasets/script_tool/cameramen/out_1614419893.2556033', 'logs_dir': './out/datasets/script_tool/cameramen/out_1614419893.2556033/logs', 'images_dir': './out/datasets/script_tool/cameramen/out_1614419893.2556033/images', 'configs_dir': './out/datasets/script_tool/cameramen/out_1614419893.2556033/configs', 'csv_dir': './out/datasets/script_tool/cameramen/out_1614419893.2556033/out_csv', 'images_list': ['./out/datasets/script_tool/cameramen/out_1614419893.2556033/images/cameramen_512h_512w.png', './out/datasets/script_tool/cameramen/out_1614419893.2556033/images/hist_cameramen_512h_512w.png', './out/datasets/script_tool/cameramen/out_1614419893.2556033/images/cameramen_256h_256w.png', './out/datasets/script_tool/cameramen/out_1614419893.2556033/images/hist_cameramen_256h_256w.png'], 'script_stats': {'no_images': 4}}",Jpeg:84.00,Jpeg,Jpeg,Jpeg,,Jpeg,32,3.28363037109375,256
65,,43.23955299339137,0.9894516863375806,85,11679.0,1.4256591796875,256,,2.7185546707766077,"{'input_image': None, 'output_dir': './out/datasets/script_tool', 'image_name': 'cameramen', 'timestamp': 1614419893.2556033, 'out_dir_ts': './out/datasets/script_tool/cameramen/out_1614419893.2556033', 'logs_dir': './out/datasets/script_tool/cameramen/out_1614419893.2556033/logs', 'images_dir': './out/datasets/script_tool/cameramen/out_1614419893.2556033/images', 'configs_dir': './out/datasets/script_tool/cameramen/out_1614419893.2556033/configs', 'csv_dir': './out/datasets/script_tool/cameramen/out_1614419893.2556033/out_csv', 'images_list': ['./out/datasets/script_tool/cameramen/out_1614419893.2556033/images/cameramen_512h_512w.png', './out/datasets/script_tool/cameramen/out_1614419893.2556033/images/hist_cameramen_512h_512w.png', './out/datasets/script_tool/cameramen/out_1614419893.2556033/images/cameramen_256h_256w.png', './out/datasets/script_tool/cameramen/out_1614419893.2556033/images/hist_cameramen_256h_256w.png'], 'script_stats': {'no_images': 4}}",Jpeg:85.00,Jpeg,Jpeg,Jpeg,,Jpeg,32,3.084075927734375,256
66,,43.61246814338961,0.9902976448499093,86,12208.0,1.490234375,256,,2.600753604193971,"{'input_image': None, 'output_dir': './out/datasets/script_tool', 'image_name': 'cameramen', 'timestamp': 1614419893.2556033, 'out_dir_ts': './out/datasets/script_tool/cameramen/out_1614419893.2556033', 'logs_dir': './out/datasets/script_tool/cameramen/out_1614419893.2556033/logs', 'images_dir': './out/datasets/script_tool/cameramen/out_1614419893.2556033/images', 'configs_dir': './out/datasets/script_tool/cameramen/out_1614419893.2556033/configs', 'csv_dir': './out/datasets/script_tool/cameramen/out_1614419893.2556033/out_csv', 'images_list': ['./out/datasets/script_tool/cameramen/out_1614419893.2556033/images/cameramen_512h_512w.png', './out/datasets/script_tool/cameramen/out_1614419893.2556033/images/hist_cameramen_512h_512w.png', './out/datasets/script_tool/cameramen/out_1614419893.2556033/images/cameramen_256h_256w.png', './out/datasets/script_tool/cameramen/out_1614419893.2556033/images/hist_cameramen_256h_256w.png'], 'script_stats': {'no_images': 4}}",Jpeg:86.00,Jpeg,Jpeg,Jpeg,,Jpeg,32,2.8303070068359375,256
67,,43.902157582137434,0.9906597524512412,87,12497.0,1.5255126953125,256,,2.5406097463391215,"{'input_image': None, 'output_dir': './out/datasets/script_tool', 'image_name': 'cameramen', 'timestamp': 1614419893.2556033, 'out_dir_ts': './out/datasets/script_tool/cameramen/out_1614419893.2556033', 'logs_dir': './out/datasets/script_tool/cameramen/out_1614419893.2556033/logs', 'images_dir': './out/datasets/script_tool/cameramen/out_1614419893.2556033/images', 'configs_dir': './out/datasets/script_tool/cameramen/out_1614419893.2556033/configs', 'csv_dir': './out/datasets/script_tool/cameramen/out_1614419893.2556033/out_csv', 'images_list': ['./out/datasets/script_tool/cameramen/out_1614419893.2556033/images/cameramen_512h_512w.png', './out/datasets/script_tool/cameramen/out_1614419893.2556033/images/hist_cameramen_512h_512w.png', './out/datasets/script_tool/cameramen/out_1614419893.2556033/images/cameramen_256h_256w.png', './out/datasets/script_tool/cameramen/out_1614419893.2556033/images/hist_cameramen_256h_256w.png'], 'script_stats': {'no_images': 4}}",Jpeg:87.00,Jpeg,Jpeg,Jpeg,,Jpeg,32,2.647674560546875,256
68,,44.34635437084027,0.991368463992627,88,13105.0,1.5997314453125,256,,2.4227394124380006,"{'input_image': None, 'output_dir': './out/datasets/script_tool', 'image_name': 'cameramen', 'timestamp': 1614419893.2556033, 'out_dir_ts': './out/datasets/script_tool/cameramen/out_1614419893.2556033', 'logs_dir': './out/datasets/script_tool/cameramen/out_1614419893.2556033/logs', 'images_dir': './out/datasets/script_tool/cameramen/out_1614419893.2556033/images', 'configs_dir': './out/datasets/script_tool/cameramen/out_1614419893.2556033/configs', 'csv_dir': './out/datasets/script_tool/cameramen/out_1614419893.2556033/out_csv', 'images_list': ['./out/datasets/script_tool/cameramen/out_1614419893.2556033/images/cameramen_512h_512w.png', './out/datasets/script_tool/cameramen/out_1614419893.2556033/images/hist_cameramen_512h_512w.png', './out/datasets/script_tool/cameramen/out_1614419893.2556033/images/cameramen_256h_256w.png', './out/datasets/script_tool/cameramen/out_1614419893.2556033/images/hist_cameramen_256h_256w.png'], 'script_stats': {'no_images': 4}}",Jpeg:88.00,Jpeg,Jpeg,Jpeg,,Jpeg,32,2.3902587890625,256
69,,44.75943571578711,0.9919272510787385,89,13532.0,1.65185546875,256,,2.3462902749039314,"{'input_image': None, 'output_dir': './out/datasets/script_tool', 'image_name': 'cameramen', 'timestamp': 1614419893.2556033, 'out_dir_ts': './out/datasets/script_tool/cameramen/out_1614419893.2556033', 'logs_dir': './out/datasets/script_tool/cameramen/out_1614419893.2556033/logs', 'images_dir': './out/datasets/script_tool/cameramen/out_1614419893.2556033/images', 'configs_dir': './out/datasets/script_tool/cameramen/out_1614419893.2556033/configs', 'csv_dir': './out/datasets/script_tool/cameramen/out_1614419893.2556033/out_csv', 'images_list': ['./out/datasets/script_tool/cameramen/out_1614419893.2556033/images/cameramen_512h_512w.png', './out/datasets/script_tool/cameramen/out_1614419893.2556033/images/hist_cameramen_512h_512w.png', './out/datasets/script_tool/cameramen/out_1614419893.2556033/images/cameramen_256h_256w.png', './out/datasets/script_tool/cameramen/out_1614419893.2556033/images/hist_cameramen_256h_256w.png'], 'script_stats': {'no_images': 4}}",Jpeg:89.00,Jpeg,Jpeg,Jpeg,,Jpeg,32,2.1733856201171875,256
70,,45.29772643463441,0.9926942272344412,90,14352.0,1.751953125,256,,2.2122352285395763,"{'input_image': None, 'output_dir': './out/datasets/script_tool', 'image_name': 'cameramen', 'timestamp': 1614419893.2556033, 'out_dir_ts': './out/datasets/script_tool/cameramen/out_1614419893.2556033', 'logs_dir': './out/datasets/script_tool/cameramen/out_1614419893.2556033/logs', 'images_dir': './out/datasets/script_tool/cameramen/out_1614419893.2556033/images', 'configs_dir': './out/datasets/script_tool/cameramen/out_1614419893.2556033/configs', 'csv_dir': './out/datasets/script_tool/cameramen/out_1614419893.2556033/out_csv', 'images_list': ['./out/datasets/script_tool/cameramen/out_1614419893.2556033/images/cameramen_512h_512w.png', './out/datasets/script_tool/cameramen/out_1614419893.2556033/images/hist_cameramen_512h_512w.png', './out/datasets/script_tool/cameramen/out_1614419893.2556033/images/cameramen_256h_256w.png', './out/datasets/script_tool/cameramen/out_1614419893.2556033/images/hist_cameramen_256h_256w.png'], 'script_stats': {'no_images': 4}}",Jpeg:90.00,Jpeg,Jpeg,Jpeg,,Jpeg,32,1.9200286865234375,256
71,,45.83928330176054,0.9932853368535608,91,14941.0,1.8238525390625,256,,2.1250250987216384,"{'input_image': None, 'output_dir': './out/datasets/script_tool', 'image_name': 'cameramen', 'timestamp': 1614419893.2556033, 'out_dir_ts': './out/datasets/script_tool/cameramen/out_1614419893.2556033', 'logs_dir': './out/datasets/script_tool/cameramen/out_1614419893.2556033/logs', 'images_dir': './out/datasets/script_tool/cameramen/out_1614419893.2556033/images', 'configs_dir': './out/datasets/script_tool/cameramen/out_1614419893.2556033/configs', 'csv_dir': './out/datasets/script_tool/cameramen/out_1614419893.2556033/out_csv', 'images_list': ['./out/datasets/script_tool/cameramen/out_1614419893.2556033/images/cameramen_512h_512w.png', './out/datasets/script_tool/cameramen/out_1614419893.2556033/images/hist_cameramen_512h_512w.png', './out/datasets/script_tool/cameramen/out_1614419893.2556033/images/cameramen_256h_256w.png', './out/datasets/script_tool/cameramen/out_1614419893.2556033/images/hist_cameramen_256h_256w.png'], 'script_stats': {'no_images': 4}}",Jpeg:91.00,Jpeg,Jpeg,Jpeg,,Jpeg,32,1.6949310302734375,256
72,,46.388042171220214,0.9938037299107425,92,15485.0,1.8902587890625,256,,2.050371327090733,"{'input_image': None, 'output_dir': './out/datasets/script_tool', 'image_name': 'cameramen', 'timestamp': 1614419893.2556033, 'out_dir_ts': './out/datasets/script_tool/cameramen/out_1614419893.2556033', 'logs_dir': './out/datasets/script_tool/cameramen/out_1614419893.2556033/logs', 'images_dir': './out/datasets/script_tool/cameramen/out_1614419893.2556033/images', 'configs_dir': './out/datasets/script_tool/cameramen/out_1614419893.2556033/configs', 'csv_dir': './out/datasets/script_tool/cameramen/out_1614419893.2556033/out_csv', 'images_list': ['./out/datasets/script_tool/cameramen/out_1614419893.2556033/images/cameramen_512h_512w.png', './out/datasets/script_tool/cameramen/out_1614419893.2556033/images/hist_cameramen_512h_512w.png', './out/datasets/script_tool/cameramen/out_1614419893.2556033/images/cameramen_256h_256w.png', './out/datasets/script_tool/cameramen/out_1614419893.2556033/images/hist_cameramen_256h_256w.png'], 'script_stats': {'no_images': 4}}",Jpeg:92.00,Jpeg,Jpeg,Jpeg,,Jpeg,32,1.493743896484375,256
73,,47.07821807807011,0.9945038797842785,93,16741.0,2.0435791015625,256,,1.8965414252434143,"{'input_image': None, 'output_dir': './out/datasets/script_tool', 'image_name': 'cameramen', 'timestamp': 1614419893.2556033, 'out_dir_ts': './out/datasets/script_tool/cameramen/out_1614419893.2556033', 'logs_dir': './out/datasets/script_tool/cameramen/out_1614419893.2556033/logs', 'images_dir': './out/datasets/script_tool/cameramen/out_1614419893.2556033/images', 'configs_dir': './out/datasets/script_tool/cameramen/out_1614419893.2556033/configs', 'csv_dir': './out/datasets/script_tool/cameramen/out_1614419893.2556033/out_csv', 'images_list': ['./out/datasets/script_tool/cameramen/out_1614419893.2556033/images/cameramen_512h_512w.png', './out/datasets/script_tool/cameramen/out_1614419893.2556033/images/hist_cameramen_512h_512w.png', './out/datasets/script_tool/cameramen/out_1614419893.2556033/images/cameramen_256h_256w.png', './out/datasets/script_tool/cameramen/out_1614419893.2556033/images/hist_cameramen_256h_256w.png'], 'script_stats': {'no_images': 4}}",Jpeg:93.00,Jpeg,Jpeg,Jpeg,,Jpeg,32,1.274261474609375,256
74,,47.827532573275064,0.9950911224064605,94,18181.0,2.2193603515625,256,,1.7463285847863155,"{'input_image': None, 'output_dir': './out/datasets/script_tool', 'image_name': 'cameramen', 'timestamp': 1614419893.2556033, 'out_dir_ts': './out/datasets/script_tool/cameramen/out_1614419893.2556033', 'logs_dir': './out/datasets/script_tool/cameramen/out_1614419893.2556033/logs', 'images_dir': './out/datasets/script_tool/cameramen/out_1614419893.2556033/images', 'configs_dir': './out/datasets/script_tool/cameramen/out_1614419893.2556033/configs', 'csv_dir': './out/datasets/script_tool/cameramen/out_1614419893.2556033/out_csv', 'images_list': ['./out/datasets/script_tool/cameramen/out_1614419893.2556033/images/cameramen_512h_512w.png', './out/datasets/script_tool/cameramen/out_1614419893.2556033/images/hist_cameramen_512h_512w.png', './out/datasets/script_tool/cameramen/out_1614419893.2556033/images/cameramen_256h_256w.png', './out/datasets/script_tool/cameramen/out_1614419893.2556033/images/hist_cameramen_256h_256w.png'], 'script_stats': {'no_images': 4}}",Jpeg:94.00,Jpeg,Jpeg,Jpeg,,Jpeg,32,1.07232666015625,256
75,,48.693716058657934,0.9957245289075396,95,19863.0,2.4246826171875,256,,1.5984493782409506,"{'input_image': None, 'output_dir': './out/datasets/script_tool', 'image_name': 'cameramen', 'timestamp': 1614419893.2556033, 'out_dir_ts': './out/datasets/script_tool/cameramen/out_1614419893.2556033', 'logs_dir': './out/datasets/script_tool/cameramen/out_1614419893.2556033/logs', 'images_dir': './out/datasets/script_tool/cameramen/out_1614419893.2556033/images', 'configs_dir': './out/datasets/script_tool/cameramen/out_1614419893.2556033/configs', 'csv_dir': './out/datasets/script_tool/cameramen/out_1614419893.2556033/out_csv', 'images_list': ['./out/datasets/script_tool/cameramen/out_1614419893.2556033/images/cameramen_512h_512w.png', './out/datasets/script_tool/cameramen/out_1614419893.2556033/images/hist_cameramen_512h_512w.png', './out/datasets/script_tool/cameramen/out_1614419893.2556033/images/cameramen_256h_256w.png', './out/datasets/script_tool/cameramen/out_1614419893.2556033/images/hist_cameramen_256h_256w.png'], 'script_stats': {'no_images': 4}}",Jpeg:95.00,Jpeg,Jpeg,Jpeg,,Jpeg,32,0.8784332275390625,256
